Model,Feature_Extraction_Method,Train_Accuracy,Validation_Accuracy,Test_Accuracy,Train_F1,Validation_F1,Test_F1,Train_Precision,Validation_Precision,Test_Precision,Train_Recall,Validation_Recall,Test_Recall,Train_AUC,Validation_AUC,Test_AUC
Logistic Regression,Bag of Words,0.79853515625,0.23753894080996885,0.24072612470402527,0.800737798437478,0.23748986326932447,0.23976930453889786,0.79853515625,0.23753894080996885,0.24072612470402527,0.7988613645936101,0.23668621711294618,0.23968709714485606,0.9593504491683811,0.5831624973791065,0.562267260177029
Decision Tree,Bag of Words,0.70771484375,0.23909657320872274,0.22573007103393844,0.8577175406075297,0.2388854501344305,0.22165481219085506,0.70771484375,0.23909657320872274,0.22573007103393844,0.7328863207618248,0.21729538399866133,0.2033953100738478,0.9308776577893407,0.5324506763222423,0.5200033649966423
Logistic Regression,TF-IDF,0.628125,0.24221183800623053,0.23599052880820837,0.6464635488082534,0.2527083626954733,0.2296844098181129,0.628125,0.24221183800623053,0.23599052880820837,0.624206474855005,0.23776259732728483,0.22834318670227652,0.8908017036939935,0.5962695477506452,0.5779781190294346
Decision Tree,TF-IDF,0.63935546875,0.220404984423676,0.24546172059984214,0.8553709782278507,0.21779137552210148,0.26096436848459037,0.63935546875,0.220404984423676,0.24546172059984214,0.6706136676995639,0.1910602348377841,0.22515855458644946,0.8998768662961718,0.5217931959846719,0.5367223146000014
